{"F_EXCHANGE_SHOP_ITEM_MST": {"Name": "5hYf3xv1", "Key": "sg3fXED8"}, "F_TEXT_JOB_NAME": {"Name": "yUkwbFyc", "Key": "R6mBb3T3"}, "F_BEAST_CP_MST": {"Name": "dzA5MC6f", "Key": "Syax34vR"}, "F_SEASON_EVENT_ABILITY_TYPE_MST": {"Name": "I0SUr3WY", "Key": "XY2MA1x3"}, "F_UNIT_EXP_PATTERN_MST": {"Name": "kMnY10ry", "Key": "B38YWDtF"}, "F_TEXT_DIAMOND_NAME": {"Name": "mcQeT7mq", "Key": "tN7Gjdpv"}, "F_UNIT_SERIES_LV_ACQUIRE_MST": {"Name": "Eb5ewi87", "Key": "t8QV2WvE"}, "F_PICTURE_STORY_MST": {"Name": "PSDIR8b1", "Key": "SDV4mZL0"}, "F_STORY_MST": {"Name": "IiVw7H6k", "Key": "Cf2WZ8qA"}, "F_TRIBE_MST": {"Name": "3Lc1DWQV", "Key": "adj41LQC"}, "F_STORE_ITEM_MST": {"Name": "03cY9vXe", "Key": "d60DCUMp"}, "F_STORY_EVENT_MST": {"Name": "YW9MUm2H", "Key": "LyjM2nU9"}, "F_TOWN_MST": {"Name": "6P9XZ7ts", "Key": "IavY38oB"}, "F_MAP_EXT_RESOURCE_MST": {"Name": "En90A5BC", "Key": "9dA6bguS"}, "F_MISSION_MST": {"Name": "24Eka6wL", "Key": "naJ3P84b"}, "F_TEXT_BEAST_NAME": {"Name": "148O76GI", "Key": "pzLuYoDO"}, "F_TEXT_RECIPE_BOOK_NAME": {"Name": "tFnHkR8G", "Key": "lEWsm9iI"}, "F_BATTLE_SCRIPT_MST": {"Name": "dhR7sSxt", "Key": "QuxKHQQT"}, "F_TEXT_DAILY_QUEST_DES": {"Name": "W4525rcx", "Key": "1ihwWs7f"}, "F_RESOURCE_MAP_VERSION_MST_LOCALIZE": {"Name": "YIgCpDKW", "Key": "geHlpoos"}, "F_TOWN_EXPLAIN_MST": {"Name": "QJF37LcR", "Key": "1ThX6WNZ"}, "F_TEXT_ITEM_EQUIP_NAME": {"Name": "E0NdslwL", "Key": "SGMI0nIq"}, "F_RB_LS_MST": {"Name": "8tR1K79p", "Key": "2nJN19qh"}, "F_TROPHY_MST": {"Name": "9ZN4Eo1m", "Key": "5qRZs6Kz"}, "F_TEXT_UNIT_EVO": {"Name": "7tfppWVS", "Key": "OYQn68Hu"}, "F_RB_AI_PATTERN_MST": {"Name": "A6DJx0Qj", "Key": "2phgAJt3"}, "F_CHARACTER_MST": {"Name": "cf29diuR", "Key": "ru39Q4YK"}, "F_TEXT_TROPHY_EXPLAIN": {"Name": "pNeHXqpJ", "Key": "OJV9Jpm8"}, "F_LIMITBURST_LV_MST": {"Name": "0EvyjKh8", "Key": "g2hZpVW7"}, "F_GIFT_MST": {"Name": "AK5v1YEd", "Key": "1cJ4IuP9"}, "F_MONSTER_SKILL_SET_MST": {"Name": "B9K8ULHc", "Key": "p6iXmLh4"}, "F_AWARD_EXPLAIN_MST": {"Name": "B2mKN0M4", "Key": "0FfIgG67"}, "F_RECIPE_BOOK_MST": {"Name": "yu5rvEI3", "Key": "3t8DMRQE"}, "F_MATERIA_MST": {"Name": "Af46DrVW", "Key": "4MbdRZI6"}, "F_AWARD_TYPE_MST": {"Name": "jsX49HtE", "Key": "t3IEWke8"}, "F_TEXT_TOWN_STORE_OWNER_NAME": {"Name": "KFL34pbm", "Key": "Q9HMWNZG"}, "F_ITEM_EXT_BEAST_MST": {"Name": "hc8Ham29", "Key": "wZ5IkW2f"}, "F_ENCOUNT_FIELD_MST": {"Name": "2Jtkc4Ar", "Key": "mhok0p7B"}, "F_AI_MST": {"Name": "PCm9K3no", "Key": "yFr6Kj3P"}, "F_TEXT_UNIT_FUSION": {"Name": "TpbDECdR", "Key": "v47OlIK4"}, "F_TEXT_ITEM_EXPLAIN_SHORT": {"Name": "IAPS1jOu", "Key": "TZh30bbo"}, "F_TEXT_QUEST_SUB_TARGET_PARAM": {"Name": "Cw3B65ql", "Key": "W4rz5Sas"}, "F_SWITCH_MST": {"Name": "T46RpNZH", "Key": "AUx51pni"}, "F_RESOURCE_VERSION_MST_LOCALIZE": {"Name": "A1L1GlaQ", "Key": "JchlFPWK"}, "F_SOUND_MST": {"Name": "9bnqECY6", "Key": "m2zHEtV0"}, "F_JOB_MST": {"Name": "F2mQ87Wt", "Key": "3CVoZu7s"}, "F_TEXT_SEASON_EVENT_ABILITY_TYPE_NAME": {"Name": "xT67VZAS", "Key": "jFgn6bIU"}, "F_TICKET_MST": {"Name": "95KFiNTM", "Key": "0sDdWku8"}, "F_TEXT_MATERIA_NAME": {"Name": "2Eg5s20D", "Key": "E5jbLGyb"}, "F_TEXT_DUNGEON_NAME": {"Name": "AyVqkz2B", "Key": "0cqVvd61"}, "F_TEXT_ARCHIVE_NAME": {"Name": "QR3zeiJr", "Key": "CrZmyr8k"}, "F_TEXT_QUEST_SUB_STORY": {"Name": "fULaqIeB", "Key": "CueuZNTN"}, "F_TROPHY_METER_SERIF_MST": {"Name": "4Qz7qK51", "Key": "SGjk89Tr"}, "F_TEXT_UNIT_EXPLAIN_SHOP": {"Name": "3uEWl5CV", "Key": "QrOn67A8"}, "F_BEAST_EXP_PATTERN_MST": {"Name": "42JaImDh", "Key": "UY7D3dpn"}, "F_GACHA_EFFECT_BLOCK_MST": {"Name": "fDI1T97q", "Key": "7H3P6zF4"}, "F_RB_ABILITY_GROUP_MST": {"Name": "UHk7x2V8", "Key": "Q83j0GvZ"}, "F_UNIT_EXPLAIN_MST": {"Name": "Da62x85q", "Key": "zU6L4Gng"}, "F_MAP_EVENT_MST": {"Name": "91vNbdxg", "Key": "1YAk2fcr"}, "F_TEXT_STORY_NAME": {"Name": "fKGHnuPm", "Key": "nJswCIXz"}, "F_WORLD_MST": {"Name": "JLxQW68j", "Key": "t8bWUq9Z"}, "F_IMPORTANT_ITEM_EXPLAIN_MST": {"Name": "Nny6xD90", "Key": "89fcSX4v"}, "F_EFFECT_GROUP_MST": {"Name": "ZM06fUem", "Key": "4WipzuH2"}, "F_TEXT_UNITS_NAME": {"Name": "sZE3Lhgj", "Key": "3IfWAnJ3"}, "F_LAND_MST": {"Name": "23yVcGpH", "Key": "Y9wKxzI0"}, "F_QUEST_SUB_MST": {"Name": "myGc0U5v", "Key": "oWcL37sK"}, "F_TEXT_WORLD_NAME": {"Name": "GPNXLUJP", "Key": "uDFuhlR6"}, "F_TEXT_GACHA": {"Name": "ZJz5QwAy", "Key": "Ab2Kb6yJ"}, "F_BATTLE_BG_MST": {"Name": "bqR4p8SN", "Key": "39mEiDNB"}, "F_TEXT_TEXT_EN": {"Name": "0ThfQQWd", "Key": "s9E34w78"}, "F_DIAMOND_MST": {"Name": "mo47BaST", "Key": "p9sk1MjH"}, "F_TROPHY_EXPLAIN_MST": {"Name": "yhnT19Z4", "Key": "JPTK6q4V"}, "F_TEXT_SEASON_EVENT_ABILITY_TYPE_DESCRIPTION": {"Name": null, "Key": null}, "F_TEXT_NPC_NAME": {"Name": "A55coosK", "Key": "xQj2cuc8"}, "F_URL_MST": {"Name": "9wmd4iua", "Key": "UREmi85S"}, "F_TEXT_MATERIA_EXPLAIN_LONG": {"Name": "QEbXmDTD", "Key": "3ZaDmbq1"}, "F_BEAST_SKILL_MST": {"Name": "zE1hx53P", "Key": "Y4Fds1Jr"}, "F_DUNGEON_MST": {"Name": "1Bj4oy5Q", "Key": "9bEA2SYP"}, "F_TEXT_IMPORTANT_ITEM_EXPLAIN_LONG": {"Name": "aJ4tvgSq", "Key": "iElLxksB"}, "F_TEXT_BEAST_SKILL_NAME": {"Name": "k51drhZ6", "Key": "JHJRAcEx"}, "F_TEXT_MISSION": {"Name": "pa6vblsG", "Key": "GdAhtrNB"}, "F_TEXT_ABILITY_EXPLAIN_LONG": {"Name": "uxMPAs4y", "Key": "lECkWwBw"}, "F_MAP_OBJECT_MST": {"Name": "7d25gta1", "Key": "1zYSh5ps"}, "F_TEXT_MONSTER_DICTIONARY_NAME": {"Name": "F1VQsGpG", "Key": "uEOGF11w"}, "F_AREA_MST": {"Name": "Fvix6V0n", "Key": "pR2DHS6i"}, "F_TEAM_LV_MST": {"Name": "NCPTw2p0", "Key": "qP7TGZE8"}, "F_TOWN_STORE_COMMENT_MST": {"Name": "ASh8IH0b", "Key": "1L7oneM4"}, "F_BEAST_GROW_MST": {"Name": "tSb4Y8QR", "Key": "7YUDsew3"}, "F_TEXT_SEASON_EVENT_ABILITY_NAME": {"Name": "q81b55dv", "Key": "E6Jrump4"}, "F_TEXT_ANALYTICS_LOCALIZE": {"Name": "3sI39BAT", "Key": "6zAQarn1"}, "F_BEAST_STATUS_MST": {"Name": "tWp7f5Ma", "Key": "XuWn97Hf"}, "F_TEXT_ANALYTICS_ITEMS": {"Name": "8e6PGb3p", "Key": "7nyO4pC9"}, "F_TEXT_TRIBE": {"Name": "Z6OfsPv9", "Key": "FAfGhIMo"}, "F_BEAST_MST": {"Name": "WF57bvfG", "Key": "hdFeT14k"}, "F_TEXT_SHOP": {"Name": "NYz5Oxm4", "Key": "yBd5wOHp"}, "F_TEXT_MAP_OBJECT": {"Name": "15KaBQci", "Key": "U56G5oiU"}, "F_RB_TRADE_BOARD_PIECE_MST": {"Name": "7Si5wPLj", "Key": "fXZse89L"}, "F_MAP_ROUTE_MST": {"Name": "F1a5PZYq", "Key": "rASW8N5L"}, "F_TEXT_AREA_NAME": {"Name": "4qiOcmtJ", "Key": "FhWJxFlW"}, "F_AWARD_MST": {"Name": "xH4WGNk8", "Key": "HZgmc2u9"}, "F_TEXT_RB_BONUS_RULE_NAME": {"Name": "6YYynT87", "Key": "YC0psthA"}, "F_IMPORTANT_ITEM_MST": {"Name": "vdeSoq61", "Key": "tnNGLk45"}, "F_TEXT_TOWN_EXPLAIN": {"Name": "KLoYS0Tj", "Key": "0BZOtiRB"}, "F_ARCHIVE_MST": {"Name": "Wmd5K32b", "Key": "t3T1hELp"}, "F_TEXT_AWARD_EXPLAIN": {"Name": "TlrlvFx5", "Key": "XfXmnCNF"}, "F_TEXT_IMPORTANT_ITEM_NAME": {"Name": "TIKwbf3D", "Key": "lx4HCdrQ"}, "F_EQUIP_ITEM_MST": {"Name": "S67QEJsz", "Key": "T1kP80NU"}, "F_TEXT_SEASON_EVENT_DESCRIPTION": {"Name": "mKbhB8ai", "Key": "Kt30PvJg"}, "F_TEXT_UNIT_AFFINITY": {"Name": "Zfw0jmyn", "Key": "xCppLKwD"}, "F_STORY_SUB_MST": {"Name": "8vneWT7G", "Key": "8ci0TamY"}, "F_RECIPE_MST": {"Name": "27pGMZDm", "Key": "JveAwh98"}, "F_TEXT_ITEM_EQUIP_LONG": {"Name": "CD4giPVu", "Key": "jqe9yQm0"}, "F_TEXT_ITEM_EQUIP_SHORT": {"Name": "Nao9HYWk", "Key": "I0l1uc2s"}, "F_RB_TRADE_BOARD_MST": {"Name": "yiuv0Fb9", "Key": "cbqYR3s7"}, "F_RB_FORBIDDEN_INFO_MST": {"Name": "x6iQrD2e", "Key": "8yWH5IGC"}, "F_TEXT_GAME_TITLE_NAME": {"Name": "3CzC5zn7", "Key": "SA6Bv7i1"}, "F_RB_LS_REWARD_MST": {"Name": "0Nc4PkAJ", "Key": "m7XJdkp1"}, "F_DEFINE_MST": {"Name": "zg5P1AxM", "Key": "Zib6m5ed"}, "F_TEXT_RB_ABILITY_GROUP_NAME": {"Name": "69zUY4Zb", "Key": "qEAmEfJU"}, "F_TEXT_MAGIC_EXPLAIN_SHORT": {"Name": "Hs9KVVnj", "Key": "raokY9Xl"}, "F_UNIT_MST": {"Name": "SsidX62G", "Key": "UW0D8ouL"}, "F_TEXT_QUEST_SUB_NAME": {"Name": "uuU68I2u", "Key": "cnW2w71S"}, "F_TEXT_TROPHY_METER_SERIF": {"Name": "7BfBBf9E", "Key": "S410iF8y"}, "F_LIMITBURST_MST": {"Name": "c5T4PIyL", "Key": "6q3eIR9k"}, "F_GAME_TITLE_MST": {"Name": "91D3CfxA", "Key": "yFZs58K7"}, "F_NPC_MST": {"Name": "94diC1bt", "Key": "fvQ37cE0"}, "F_TEXT_MAGIC_NAME": {"Name": "1ZqISaBp", "Key": "9TAwFj0e"}, "F_TEXT_SUBLIMATION_EXPLAIN": {"Name": "JF89DHPE", "Key": "SkUNQP6F"}, "F_TEXT_TICKER": {"Name": "RUPcXt7J", "Key": "tHaAyyqI"}, "F_CLSM_GRADE_MST": {"Name": "q14CSpIb", "Key": "sn8QPJ24"}, "F_ITEM_MST": {"Name": "1CUX0Qwr", "Key": "L3f8nko1"}, "F_TEXT_ITEM_NAME": {"Name": "VhkhtvDn", "Key": "xDkegMbe"}, "F_SWITCH_TYPE_MST": {"Name": "PJw28YRg", "Key": "5NUkhS4Q"}, "F_TEXT_ITEM_EXPLAIN_LONG": {"Name": "9NCIDltW", "Key": "s3fVSywt"}, "F_STRONGBOX_MST": {"Name": "X1xsdRk7", "Key": "qPpXT0Z2"}, "F_ITEM_EXPLAIN_MST": {"Name": "E7YMdK3P", "Key": "TERM4PD7"}, "F_UNIT_CLASS_UP_MST": {"Name": "60FtuAhp", "Key": "pjW5TI0K"}, "F_TEXT_AWARD_NAME": {"Name": "mGPBqPdv", "Key": "G9IOqfaz"}, "F_TEXT_PICTURE_STORY_NAME": {"Name": "j525zYCH", "Key": "Pe21ACFe"}, "F_MONSTER_DICTIONARY_MST": {"Name": "1r6jb9wB", "Key": "wL4N16V3"}, "F_TEXT_DAILY_QUEST_NAME": {"Name": "FBBD8vv6", "Key": "BhDl8FWG"}, "F_CLSM_PROGRESS_MST": {"Name": "pF3JiA6L", "Key": "h8Za6TiL"}, "F_TEXT_TELEPO_NAME": {"Name": "ca5XNnWD", "Key": "WfvQbAKG"}, "F_TOWN_STORE_MST": {"Name": "v34C8PdG", "Key": "Si9bxe86"}, "F_TEXT_TOWN_STORE": {"Name": "h23JuUGF", "Key": "Jovaw62m"}, "F_LOGIN_BONUS_TOTAL_REWARD_MST": {"Name": "J6dVmNv5", "Key": "y57ZhtLI"}, "F_TELEPO_MST": {"Name": "zw0kb3To", "Key": "KENf4db1"}, "F_EQUIP_ITEM_EXPLAIN_MST": {"Name": "psuJ5VE2", "Key": "r6PSK8QW"}, "F_CRAFT_EXT_MST": {"Name": "1GPYxQR3", "Key": "eHn8EU5o"}, "F_RB_BONUS_RULE_MST": {"Name": "09u3Nzk2", "Key": "7Hm6jxe3"}, "F_TICKER_MST": {"Name": "5WJ9MQ3n", "Key": "h92Fk0Qw"}, "F_TEXT_RB_ABILITY_GROUP_DESCRIPTION": {"Name": "3sxyv1w9", "Key": "v30p83B2"}, "F_BEAST_BOARD_PIECE_MST": {"Name": "E9z2e4UZ", "Key": "XvkVU34H"}, "F_TEXT_IMPORTANT_ITEM_EXPLAIN_SHORT": {"Name": "YBqAUJt1", "Key": "Fc6H1Udw"}, "F_MATERIA_LIMIT_MST": {"Name": "BX0pRc8A", "Key": "CVERk9KN"}, "F_TEXT_UNIT_DESCRIPTION": {"Name": "w6U2ntyZ", "Key": "VNh3r92R"}, "F_BANNER_MST": {"Name": "oB0YVw67", "Key": "C6ci5pfG"}, "F_ICON_MST": {"Name": "LM1APs6u", "Key": "8XT23CYy"}, "F_TEXT_RB_FORBIDDEN_INFO_NAME": {"Name": "DaNvFWp7", "Key": "wxea5c0t"}, "F_RB_SS_MST": {"Name": "gd74jWQn", "Key": "gY7NiJL8"}, "F_BEAST_EXPLAIN_MST": {"Name": "J3BkY7wT", "Key": "jw0X2ZNm"}, "F_TEXT_MONSTER_DIC_EXPLAIN_SHORT": {"Name": "zf7USTwU", "Key": "OJir9FR5"}, "F_FUNCTION_MST": {"Name": "6wibj9m8", "Key": "sy6GRuY2"}, "F_EFFECT_MST": {"Name": "HfRPdg65", "Key": "d4KR8YSq"}, "F_TEXT_MONSTER_NAME": {"Name": "0xkPiwVI", "Key": "UOz3hI2k"}, "F_TEXT_ABILITY_NAME": {"Name": "eSB5Ry3E", "Key": "At4ghcWo"}, "F_LEARNING_MST": {"Name": "DLVF0cN1", "Key": "4HCdYk80"}, "F_MONSTER_SKILL_MST": {"Name": "wJE09yxD", "Key": "D6cJZb89"}, "F_TEXT_CHARACTER_NAME": {"Name": "JIqrNzje", "Key": "iizk8FjI"}, "F_TEXT_MAGIC_EXPLAIN_LONG": {"Name": "Jcavjyxo", "Key": "ZFHehCN4"}, "F_ABILITY_EXPLAIN_MST": {"Name": "7FGj2bCh", "Key": "B2Ka3kft"}, "F_RB_SS_REWARD_MST": {"Name": "cg5k2Mxn", "Key": "KNWf37Bm"}, "F_TEXT_MONSTER_SKILL_NAME": {"Name": "F1z92dkt", "Key": "B41kLp2C"}, "F_TEXT_MONSTER_PART_DIC_NAME": {"Name": "P4c5fq2t", "Key": "XhCacZZv"}, "F_TEXT_UNIT_SUMMON": {"Name": "hWE8dJMC", "Key": "GInxSlTN"}, "F_SEASON_EVENT_ABILITY_MST": {"Name": "VMIe9c6U", "Key": "Na71Z6kg"}, "F_UNIT_GROW_MST": {"Name": "i3YrEM1t", "Key": "6cUguh10"}, "F_ABILITY_MST": {"Name": "TK61DudV", "Key": "4sPQ8aXo"}, "F_TEXT_EXCHANGE_SHOP_ITEM": {"Name": "r1ZLxyyg", "Key": "fT1SbKUm"}, "F_SEASON_EVENT_GROUP_FRIEND_LV_MST": {"Name": "v5aCt9ne", "Key": "g7VmK5a9"}, "F_TEXT_MATERIA_EXPLAIN_SHORT": {"Name": "8g18k8jD", "Key": "DvdwoXYQ"}, "F_TEXT_RB_FORBIDDEN_INFO_DESCRIPTION": {"Name": "M6bRb5Eg", "Key": "ScqX2kIE"}, "F_TEXT_ABILITY_PARAM_MSG": {"Name": "3oM745kA", "Key": "OTxnCDr7"}, "F_SUBLIMATION_RECIPE_MST": {"Name": "M9K0SJgR", "Key": "vnkfer76"}, "F_TEXT_LIMIT_BURST_DES": {"Name": "EUsG7rlQ", "Key": "ZcXYp8BI"}, "F_QUEST_MST": {"Name": "2Px75LpY", "Key": "20mEeKo3"}, "F_SHOP_MST": {"Name": "1ks9q4Pj", "Key": "X0FA6Ewh"}, "F_TEXT_QUEST_SUB_DETAIL": {"Name": "vb5Nom5d", "Key": "sCFyRxng"}, "F_CLSM_ROUND_MST": {"Name": "7zEc85n1", "Key": "V4wZA7Hn"}, "F_RESOURCE_MST": {"Name": "ZQqB38Ns", "Key": "u6q3F02d"}, "F_RB_DEFINE_MST": {"Name": "qzTG4ba0", "Key": "2y1oT5gq"}, "F_MONSTER_DICTIONARY_EXPLAIN_MST": {"Name": "Svq1K0rh", "Key": "wA4Dxp1m"}, "F_TROPHY_REWARD_MST": {"Name": "GN1bMQm3", "Key": "KyAC0q3D"}, "F_TEXT_ABILITY_EXPLAIN_SHORT": {"Name": "8GJBzdQV", "Key": "D9UVupRQ"}, "F_LOGIN_BONUS_MST": {"Name": "P3raZX89", "Key": "8xQP3fUZ"}, "F_TEXT_STORY_SUB": {"Name": "hiiVWxXJ", "Key": "ucOQs1YO"}, "F_MEDAL_EXCHANGE_MST": {"Name": "", "Key": "7FmTj0hp"}, "F_TEXT_IMPORTANT_ITEM_SHOP": {"Name": "JO7UqqJ6", "Key": "EzACmD0Y"}, "F_BEAST_BOARD_PIECE_EXT_MST": {"Name": "5o0Z6Gwn", "Key": "Knh15FzM"}, "F_CLSM_RANK_MST": {"Name": "W2f5GThw", "Key": "jtbur0h5"}, "F_TEXT_DAILY_QUEST_DETAIL": {"Name": "gCfFcx75", "Key": "xpLyjA9A"}, "F_TEXT_SEASON_EVENT_NAME": {"Name": "FxaCYmHE", "Key": "NwKi0CpP"}, "F_RESOURCE_MAP_MST": {"Name": "B7LnP2TH", "Key": "U0Vd7AfQ"}, "F_TEXT_MONSTER_SKILL_SET_NAME": {"Name": "76oKZdNU", "Key": "mOz786Zr"}, "F_TEXT_CAPTURE_INFO": {"Name": "Ir2B1EBL", "Key": "Ak7An4Ys"}, "F_TEXT_LAND_NAME": {"Name": "sKLZVYWQ", "Key": "yYnTSUtm"}, "F_TEXT_SCENARIO_BATTLE": {"Name": "TGxop4tW", "Key": "ZCIcuxf3"}, "F_TEXT_AWARD_TYPE": {"Name": "soohaWOo", "Key": "b23aWS6d"}, "F_TEXT_QUEST": {"Name": "NMwfx1lf", "Key": "KVBowHC2"}, "F_TEXT_MONSTER_DIC_EXPLAIN_LONG": {"Name": "xe6RH45K", "Key": "p9l4ys4L"}, "F_CAPTURE_MST": {"Name": "65fHqgnT", "Key": "w1A9S5sr"}, "F_TEXT_TOWN_STORE_COMMENT": {"Name": "SZXTrTgq", "Key": "oVpBUtX2"}, "F_MAGIC_EXPLAIN_MST": {"Name": "8qbVQUx5", "Key": "8LE2hk3r"}, "F_CHALLENGE_MST": {"Name": "GL9t6cMF", "Key": "8Dx2QUZS"}, "F_TEXT_LIMIT_BURST_NAME": {"Name": "XBS8hLZD", "Key": "zswbSb5U"}, "F_TEXT_COLOSSEUM_GRADE": {"Name": "Y2rngIF3", "Key": "7Vzk5Oq9"}, "F_TEXT_TOWN_NAME": {"Name": "N12vEZpN", "Key": "11yq2cUt"}, "F_TEXT_COLOSSEUM_MONSTER_GROUP_NAME": {"Name": "q4z5D08C", "Key": "04zFXazI"}, "F_TEXT_RB_BONUS_RULE_DESCRIPTION": {"Name": "10Ew2Rth", "Key": "AGItS6CC"}, "F_MAGIC_MST": {"Name": "6J8jwSDW", "Key": "2zyP4WQY"}, "F_GACHA_EFFECT_PATTERN_MST": {"Name": "uw07SXpU", "Key": "48HhnaKP"}, "F_RULE_MST": {"Name": "7s4egUBN", "Key": "sf2o1jWL"}, "F_TEXT_CHALLENGE_NAME": {"Name": "4bQbA2FH", "Key": "SFaS7rXZ"}, "F_MATERIA_EXPLAIN_MST": {"Name": "bW2GHT1N", "Key": "7mof2RVP"}, "F_FOOTPRINT_MST": {"Name": "q3jTCo8m", "Key": "iI7aS2oq"}, "F_TEXT_BEAST_SKILL_DES": {"Name": "Yjq14lAB", "Key": "g5SJviEC"}, "F_PURCHASE_AGE_LIMIT_MST": {"Name": "okUH6yV7", "Key": "ZDvrb16x"}}