{
  "W4Pz5kYu": "GuestMst",
  "4rC0aLkA": "UserItemInfo",
  "PJm9d197": "GameSetting",
  "c1qYg84Q": "VersionInfo",
  "9Qt5cI0n": "FriendUnitInfo",
  "Ec901P4A": "sgExpdAchievementInfoList",
  "56gJBnVh": "FriendUnitInfo",
  "1k3IefTc": "UserUnitFavorite",
  "tN8f0PSB": "NoticeMstNew",
  "ExQ7H1ok": "UserSwitchInfo",
  "g3JFd0y7": "RbResult",
  "T3jFQ12h": "UserEquipItemInfo",
  "XTz8dp5A": "MapResourceVersion",
  "s4IVuXZ4": "ServerTimeInfo",
  "ZrDPm3j5": "UserRecipeBookInfo",
  "mk5fza4r": "UserQuestInfo",
  "qL76625D": "sgExpdAchievementInfo",
  "y2BFGc4i": "UserImportantItemInfo",
  "7zMgdt8N": "UserSqexMarketInfo",
  "Wmr7y9a0": "UserRmInfo",
  "JG96kr5C": "UserQuestSubInfo",
  "0dNXQa3R": "UserItemInfo",
  "3oU9Ktb7": "UserTeamInfo",
  "wiTU2Hy1": "UserMateriaDictionary",
  "iq8w45vP": "PurchaseSettlement",
  "DxCN9SNZ": "sgHomeMarqueeInfo",
  "pzf5se6V": "Reinforcement",
  "7DYgrrM4": "FacebookRewardList",
  "R5kozET8": "UserMedalExchangeInfo",
  "f08du6EW": "UnitMix",
  "oK8srF6U": "UnitEquip",
  "Bi6hVv34": "BattleGroupMst",
  "jSC4Tx9H": "UserRmActualInfo",
  "jBL5XNf6": "BannerScheduleMst",
  "XhUc0ZwY": "RateAppReward",
  "QCcFB3h9": "SignalKey",
  "yShV1C9u": "UserRbInfo",
  "fMohhKK8": "BundleMst",
  "Bbc6pF9Q": "UserLoginBonusTotalInfo",
  "nUM2AENxdr": "sgExpdQuestRefresh",
  "IC0ueV5s": "GachaDetailMst",
  "gy84FjCA": "UserCraftInfo",
  "Duz1v8x9": "UserUnitSkillSublimationInfo",
  "2vuhy0Ex": "FriendUnitInfo",
  "N7Bd3IuL": "UserRbMatchingInfo",
  "bV34YIJQ": "MonsterPartsMst",
  "p9ortU42": "UserClsmProgressInfo",
  "1Ke2wFgm": "MissionResumeInfo",
  "1cBqy20J": "EventPointLog",
  "aS39Eshy": "UserMateriaInfo",
  "1S8P2u9f": "UserBeastPieceInfo",
  "0eDvu2N3": "OpeCraft",
  "W0E8BHa8": "sgUserMissionLock",
  "4pYnBMw7": "UserItemInfo",
  "5RZe0rLH": "FriendRestart",
  "pAVPk3wb": "FacebookRewardClaim",
  "In9jMbU7": "UserLoginBonusInfo",
  "5Ip20EyX": "UserPurchaseInfo",
  "MBPCGT84": "UserEquipItemInfo",
  "h5XGny0N": "UserGiftInfo",
  "y35YvQjZ": "WaveBattleInfo",
  "UaPBS5H0": "UserFriendLvInfo",
  "NVC6JP91": "UserExviusPointInfo",
  "blmGz1EI": "BundleInfo",
  "Er92Kdhm": "UnitEquip",
  "1IfDqR4n": "DungeonResourceLoadMst",
  "Lg6S5Gxa": "MapEventMst",
  "Tr9m32i1": "RbMatchingListInfo",
  "fng74EXV": "ClsmResumeInfo",
  "YQN6zx3R": "RbRankingListInfo",
  "3BI1xSGW": "NoticeMstOpen",
  "hZR64mDe": "FriendUnitInfo",
  "pDFgB3i0": "FieldTreasureMst",
  "Jr6z91Tf": "UserAnnounceInfo",
  "TJ9eL80N": "UnitEquip",
  "2po7N9Pf": "UserBeastPieceInfo",
  "8SztQck9": "RoutineEventUpdate",
  "VpWnB21X": "UserUnitDictionary",
  "nE7pV2wr": "UserCarryItemInfo",
  "yL2jdmM3": "OpeLoginBonusUpdate",
  "8J1R5PXG": "UserSwitchInfo",
  "an6TB4WS": "MissionPhaseMst",
  "KMwJ3s6W": "RbResumeInfo",
  "R17unt2e": "NoticeMstOld",
  "19djzuNF": "DungeonBonusMst",
  "b21IQLY0": "GuestMst",
  "01CeopkL": "UserBeastInfo",
  "Hqdgx83H": "DailyQuestMst",
  "5yLD4dYI": "GachaExe",
  "3VS1Bhmf": "VariableStoreScheduleInfo",
  "rL81fVUI": "UserMateriaInfo",
  "F2pYJGt5": "UserUnitFavorite",
  "67l03PW2": "sgExpdQuestInfo",
  "Dqx0MA42": "UserOptionInfo",
  "qja26wHb": "UserMailInfo",
  "6RQhbe8m": "UserItemDictionary",
  "J3pAG0I5": "UserDiamondInfo",
  "xS3CA5LN": "RoutineHomeUpdate",
  "6ePjU3Nw": "SeasonEventGroupAbilityMst",
  "Z3vhm29a": "UserLearningInfo",
  "rqxw0p9k": "ScenarioBattleMst",
  "8KPfoy2F": "EventSetMst",
  "vM21k0do": "HarvestDetailInfo",
  "49rQB3fP": "UserBeastDeckInfo",
  "Md0N5abE": "UserImportantItemInfo",
  "j0e1xIv9": "UserUnitSkillSublimationInfo",
  "2K05IxtX": "FriendSearchResult",
  "RyOoibYJ": "sgMissionLock",
  "3yXTA9Se": "RoutineWorldUpdate",
  "yT12twnc": "OpeRbInfo",
  "Q4kJKh8b": "RmEventInfo",
  "LhVz6aD2": "UserInfo",
  "HrVT9C6h": "UserMonsterDictionary",
  "B71MekS8": "UserUnitInfo",
  "yeXn0tk1": "UserCraftInfo",
  "Zh5jXr2U": "UserMateriaInfo",
  "5Eb0Rig6": "UserPartyDeckInfo",
  "hQKAwj18": "UserQuestSubInfo",
  "f6yGgCj2": "FriendUnitInfo",
  "TEAYk6R1": "Header",
  "f5bA4wFx": "DailyLoginBonusInfo",
  "pZY6Vw70": "UserClsmBattleInfo",
  "0rVbiCG8": "DmgRankMst",
  "g4Pu8oUt": "UserRbInfo",
  "XoPQ5Rs3": "UserQuestInfo",
  "eKZu2j0M": "UserSpDungeonInfo",
  "w83oV9uP": "UserEquipItemInfo",
  "80nGg32w": "UserGachaInfo",
  "ds1vP0GR": "SeasonEventGroupMst",
  "I53AVzSo": "OpeFriendInfo",
  "R8U3uD1i": "OpeUnitFavorite",
  "JR7jZci2": "ScenarioBattleInfo",
  "ki9hJ5vq": "UserRbTradeCompleteInfo",
  "Y6j0NJho": "ResourceVersionMst",
  "4D5k8dpI": "GachaScheduleMst",
  "Z53gL0RU": "UserNoticeInfo",
  "sxe5C48P": "DailyQuestInfo",
  "wR18kvTe": "UserSpDungeonInfo",
  "tQf0KNH7": "UserFacebook",
  "wbet57nF": "MonsterMst",
  "gP9TW2Bf": "UserBeastInfo",
  "d4YbK6Iu": "RecipePickupScheduleMst",
  "wsItm74h": "SearchGetItemInfo",
  "m4Bk5ex3": "UserEquipItemDictionary",
  "r6I9k7WR": "UserClsmInfo",
  "aRhHK1S9": "UserMonsterDictionary",
  "NGwZ8y7X": "ReductionExtMst",
  "8PEB5o7G": "UserActualInfo",
  "m4M7CVBj": "RoutineHomeUpdate",
  "Ju23SReQ": "RoutineGachaUpdate",
  "6ywL2sQa": "AnnounceMst",
  "H54XvPis": "RbTradeBoardGroupMst",
  "pcjqhOI8": "BundleItemMst",
  "Ur6CKS2e": "RmResumeInfo",
  "Ray54PNQ": "UnitSell",
  "2pJ8F0SK": "UserRbTradePieceInfo",
  "h5zN9MvP": "RbRankingStateInfo",
  "vB5j26Gd": "UserClsmProgressInfo",
  "0xkoNP8U": "SpDungeonCondMst",
  "QB47tpMF": "RoutineHomeUpdate",
  "8gSkPD6b": "UserUnitInfo",
  "dg5ZV3kQ": "RaidMenuInfo",
  "UDBrChWN": "sgExpdResultInfo",
  "VKA5urE1": "NoticeMstOpenYet",
  "hcD0ej1v": "AppVersionInfo",
  "6v0LPiRe": "EncountInfo",
  "09HRWXDf": "MissionResult",
  "q02dyFhL": "GachaEffectBlockMst",
  "0T5wP98d": "CraftResultInfo",
  "YjHhvN65": "ScenarioBattleGroupMst",
  "K04eyEYA": "GachaEffectPatternMst",
  "ofp9t72b": "SeasonEventScheduleMst",
  "bCf65yoK": "Message",
  "DW0rgk3C": "UserRbVsInfo",
  "5Hx1NjQI": "OpeDmgRank",
  "nSG9Jb1s": "UserArchiveInfo",
  "Dg7f6chV": "SeasonEventMst",
  "sWc7EH69": "UnitClassUp",
  "PcUrGH13": "GachaMst",
  "TQ5AJd2K": "UserChallengeInfo",
  "1sGiqV9T": "OpeQuest",
  "3KLU4mSD": "UserSpChallengeInfo",
  "vCX8aN9E": "UnitEquip",
  "MLj0dJa8": "MonsterPassiveSkillMst",
  "Bin1S0Wc": "UserBeastDeckInfo",
  "IqkX0gV1": "UnitEquip",
  "8CoiSdu4": "SpChallengeScheduleMst",
  "WS1g0ECn": "SpChallengeStatus",
  "9Tp2fiyB": "Reinforcement",
  "UC91b2Vj": "UserPartyDeckInfo",
  "7RI4zZxY": "UserSpChallengeInfo",
  "V3bK1J60": "UserAllianceDeckInfo",
  "L4tq7QpW": "TickerLogInfo",
  "diY0g3S5": "SpChallengeStatus",
  "TxDI2r9g": "UserPurchaseListInfo",
  "5Xh859hl": "sgExpdMileStoneClaim"
}
