{
  "t7n6cVWf": "Encrypted",
  "9Tbns0eI": "UserId",
  "9qh17ZUf": "UserName",
  "JC61TPqS": "Password",
  "io30YcLA": "OperatingSystem",
  "Y76dKryw": "CountryCode",
  "e8Si6TGh": "ContactId",
  "K1G4fBjF": "PurchaseSignature",
  "1WKh6Xqe": "BuildVersion",
  "64anJRhx": "Time",
  "m3Wghr1j": "FriendId",
  "w40YsHIz": "NotFriendId",
  "6Nf5risL": "ModelChangeCnt",
  "ma6Ac53v": "MacroToolRunningStatus",
  "D2I1Vtog": "Ymd",
  "9K0Pzcpd": "AppVersion",
  "mESKDlqL": "GumiId",
  "iVN1HD3p": "GumiToken",
  "c52MWCji": "TransferCode",
  "D3fzIL1s": "TransferPin",
  "F0bCxp5m": "DateCreatedShort",
  "Tx6MGkJ1": "DateCreated",
  "XBZ40ms5": "DateLinked",
  "3ES8GAu4": "Time0",
  "6e4ik6kA": "DeviceId",
  "NggnPgQC": "AdvertisingId",
  "X6jT6zrQ": "FacebookUserId",
  "DOFV3qRF": "FacebookToken",
  "K2jzG6bp": "UsingFacebook",
  "qrVcDe48": "Data",
  "7wV3QZ80": "Level",
  "B6H34Mea": "Experience",
  "B6kyCQ9M": "Energy",
  "n4LtSU7G": "EnergyTimer",
  "m0bD2zwU": "EnergyMax",
  "xDm19iGS": "ColosseumOrb",
  "4ywDFuU9": "ColosseumOrbTimer",
  "zo76TkaG": "ColosseumOrbMax",
  "Ddsg1be4": "RaidOrb",
  "nhdY37pu": "RaidOrbTimer",
  "Le8Z5cS0": "RaidOrbMax",
  "T1Lm7WdD": "ExtraUnits",
  "tsT4vP7w": "ExtraFriends",
  "Xu7L1dNM": "ExtraEquipment",
  "4BI0WKjQ": "ExtraItems",
  "9w3Pi6XJ": "ExtraMaterials",
  "92LoiU76": "ExtraMateria",
  "3TzVX8nZ": "LastLoginYMD",
  "68Vn2FrK": "SerialLogin",
  "7UR4J2SE": "Gil",
  "0XUs3Tv6": "FriendPoints",
  "Utx8P1Qo": "Gift",
  "Wk1v6upb": "Message",
  "a4hXTIm0": "KeyName",
  "wM9AfX6I": "Value",
  "og2GHy49": "UniqueUnitId",
  "3HriTp6B": "UnitId",
  "Z06cK4Qi": "LastAccessBase",
  "9fW0TePj": "Rarity",
  "UbSL8C7i": "GenderId",
  "IWv3u1xX": "JobId",
  "a9qg8vnP": "TribeId",
  "taQ69cIx": "GameId",
  "woghJa61": "BaseUnitId",
  "aU3o2D4t": "UnitMaxLevel",
  "yY7U9TsP": "EquipIds",
  "wSB84Usi": "IsCombatUnit",
  "2odVXyT8": "IsPotUnit",
  "Fzmtn2Q5": "IsSummonable",
  "19ykfMgL": "MateriaSlots",
  "FBjo93gK": "UnitSellPrice",
  "S5Ib7En1": "UnitSellIds",
  "10fNKueF": "UnitLvl",
  "em5hx4FX": "UnitHp",
  "L0MX7edB": "UnitMp",
  "o7Ynu1XP": "UnitAtk",
  "6tyb58Kc": "UnitDef",
  "Y9H6TWnv": "UnitMag",
  "sa8Ewx3H": "UnitSpr",
  "EXf5G3Mk": "UnitLb",
  "a71oxzCH": "UnitLbLvl",
  "f17L8wuX": "UnitTmr",
  "xojJ2w0S": "BonusUnit",
  "X9ABM7En": "TotalExperience",
  "KJv6V7G9": "Dictionary",
  "z41pMJvC": "LibraDictionary",
  "4yk1JQBs": "KnockdownCount",
  "r21y0YzS": "PartyId",
  "Z34jU7ue": "QuestId",
  "4kcAD9fW": "QuestStatus",
  "VjJQ51uG": "AcceptedDate",
  "m8ivD4NX": "CompletedDate",
  "Iwfx42Wo": "EsperId",
  "i5pd8xr3": "ColosseumId",
  "G4L0YIB2": "Description",
  "X1IuZnj2": "GachaId",
  "nqzG3b2v": "GachaSubId",
  "UJz5QED2": "GachaUnitList",
  "WbGYcN17": "UnitList",
  "ecK58yUC": "LoginBonus",
  "93Y6evuT": "Equipment",
  "80NUYFMJ": "Materia",
  "2A6fYiEC": "PartyUnits",
  "7Svg2kdT": "SubQuestId",
  "0G7J2vfD": "SubQuestItemCount",
  "Gs6BT8n5": "TargetYear",
  "goAiX84L": "NoticeInfo",
  "S21FT3L8": "MedalId",
  "ngQX7a3N": "MedalExchangeCount",
  "vhjEjKXZ": "ServerTime",
  "cnopoBWZ": "ServerTick",
  "S4U09svH": "UnitExperience",
  "kcb0tsM6": "ActualUnitExperience",
  "Wdi3MAs2": "BonusGil",
  "Syar71nw": "StolenGil",
  "16LQuC5r": "ActualBonusGil",
  "TK6dB18Q": "BaseGilTK",
  "L1uwe36k": "AddGil",
  "09HRWXDf": "MissionResults",
  "J1YX9kmM": "EquipId",
  "1Rf2VDoI": "UnitLbGain",
  "u18nfD7p": "UnitXpGain",
  "N85uJT1d": "UnitGilSell",

  "xF9Sr1a6": "ItemsDropped",
  "JHMit30L": "ItemsUniqueDropped",
  "Sp7fF6I9": "ItemsStolen",
  "02aARqrv": "ItemsUniqueStolen",
  "Z7G0yxXe": "ItemsTreasure",
  "EWmQy52k": "ItemsFound",

  "81fnjKLw": "EquipmentDropped",
  "3imo7rf4": "EquipmentUniqueDropped",
  "Iyx9Bos7": "EquipmentStolen",
  "VZ8DSco1": "EquipmentUniqueStolen",
  "Mh1BA4uv": "EquipmentTreasure",
  "XMgu7qE0": "EquipmentFound",

  "2U05aV9Z": "UnitsDropped",

  "REB5tAL9": "ItemsTrusted",
  "Ym8F0ndw": "EquipmentTrusted",
  "ERJa3SL5": "MateriaTrusted",
  "V59rxm82": "EncounterId",
  "nar74pDu": "EncounteredMonsters",
  "f6M1cJgk": "MonstersKilledCount",
  "uU21m4ry": "MonsterParts",
  "Qic38SuC": "PartyStats",
  "j94B63fP": "PossibleItems",
  "dX6cor8J": "Rewards",
  "5vFjunq1": "Options",
  "XFLm4Mx6": "InternalDescription",
  "g38Pjk10": "GachaAnimation",
  "JDFMe3A7": "Moogle",
  "4yT7FUqj": "InternalDesc",
  "1X65WPLU": "Link",
  "2HqjK1F7": "GiftId",
  "A3j7Wxtw": "DateStartedYMD",
  "9WsTg26F": "FriendUnitId",
  "AJGfV35v": "FriendName",
  "QSf4NDq3": "FriendRank",
  "wjX34YxG": "FriendLevel",
  "bUfq8BJ3": "FriendIdFrom",
  //"XZ4Kh7Ic": "Espers",
  "fh31sk7B": "MonsterHp",
  "PC97pWQj": "MonsterMp",
  "9NBV1XCS": "MonsterAtk",
  "Pn5w9dfh": "MonsterDef",
  "84FJM3PD": "MonsterMag",
  "T8xMDAZ4": "MonsterMnd",
  "41fbhtj2": "MonsterSpr",
  "hn42BL3Q": "ElementResists",
  "D9Nb7jgd": "StatusResists",
  "f67khsQZ": "PhysicalResist",
  "Q1qLbx93": "MagicalResist",
  "5VtY0SIU": "MagicAffinity",
  "PR2HIc71": "BattleUnitId",
  "rUnq35N9": "IsMoogle",
  "9mu4boy7": "UnitTmrId",
  "QLfe23bu": "BitNumber",
  "a9DvZ70c": "AttackFrames",
  "5A8SmwyC": "EffectFrames",
  "0A1BkNWb": "EsperSp",
  "E8WRi1bg": "EsperBoardPieces",
  "jsvoa0I2": "Items",
  "6ukvMSg9": "NumSlots",
  "1J7WnqxL": "NumSlots2",
  "V36ygRYs": "ChallengeId",
  "Pzn5h0Ga": "ChallengeRequirement",
  "dX6cor8j": "ChallengeReward",
  "HpL3FM4V": "ItemList",
  "YBRCsoxu": "AppRated",
  "qo3PECw6": "MissionId",
  "9Pb24aSy": "MapId",
  "Esxe71j3": "RegionId",
  "uv60hgDW": "SubRegionId",
  "U9iHsau3": "DungeonId",
  "Y4VoF8yu": "MissionType",
  "qdhWF7z9": "MissionIdChallenges",
  "juA0Z4m7": "RequiredSwitchId",
  "dIPkNn61": "GrantedSwitchId",
  "5opcUT9t": "SwitchType",
  "1x4bG2J8": "DungeonCompleteReward",
  "CQN15Hgr": "Raid",
  "zF6QIY2r": "GatheringStageId",
  "1C7GDEv4": "QuestSwitchIdQQ",
  "q4f9IdMs": "EventDungeonSwitchIdQQ",
  "bs60p4LC": "DungeonSwitchIdQQ",
  "6w4xiIsS": "BattleMusicQQ",
  "DYTx1Is3": "IconQQ",
  "gQR24kST": "StdEsperRaidGath",
  "Kn03YQLk": "UnitRestricted",
  "fV4Jn13q": "EscapeContinueQQ",
  "TKBIV0U1": "NotEggSeekerQQ",
  "T03qgLWA": "PumpkinKingQQ",
  "1Xfx5nPZ": "SnowmanQQ",
  "k4imoR6p": "EventQQ",
  "27RyqAGe": "OptionName",
  "ayUH8g4q": "OptionValue",
  "NYb0Cri6": "ArchiveName",
  "6gAX1BpC": "ArchiveValue",
  "Gh92V3Tx": "TownId",
  "j9NS0H15": "StoreItemBuyId",
  "U1uaXph4": "StoreItemBuyPrice",
  "8X7LwE3r": "StoreItemSellId",
  "97h4mIQo": "StoreItemSellPrice",
  "GA1D6XIC": "ArenaPlayerDmg",
  "Pch7J9Ty": "ArenaEnemyDmg",
  "3S8pMym0": "ArenaPlayerTotalDmg",
  "bB69ZWQY": "ArenaEnemyTotalDmg",
  "z8uj9TAU": "ArenaResult",
  "g9t7dBCH": "ArenaTurns",
  "2q7sZreS": "ArenaVsFriend",
  "nYD7LvSG": "DailyQuestId",
  "97CxqAgk": "DailyQuestAmountRequired",
  "XCD3VwHk": "DailyQuestAmountCompleted",
  "3cEGYLhA": "QuestCompleted",
  "6uvHX2JG": "DailyQuestName",
  "56rsqHAp": "DailyQuestDescription",
  "ZLuw4DLa": "DailyQuestStatus",
  "Z0EN6jSh": "CountId",
  "8xi6Xvyk": "BattleWaves",
  "0VkYZx1a": "BattleType",
  "4tNM5fGC": "FieldTreasureId",
  "NiG2wL3A": "FieldTreasureItem",
  "uJh46wFS": "FieldTreasureAvailable",
  "N3hB0CwE": "HarvestId",
  "9GIvAQC2": "HarvestOrder",
  "1Fa7rL5R": "HarvestItem",
  "0GgK6ytT": "GachaCost",
  "zJ1A6HXm": "GachaCost",
  "2RtVPS3b": "GachaRepeat",
  "ytHoz4E2": "Milliseconds",
  "z5hB3P01": "RequestID",
  "6tSP4s8J": "ID",
  "dNrSy63V": "ServerTime",
  "3a162M47": "ImageQuality",
  "KmgMTuj5": "Language",
  "dUX7Pt5i": "ReinforcementFriendId",
  "qLke7K8f": "ReinforcementUnitId",
  "4p6CrcGt": "Items",
  "Pqi5r1TZ": "Specials",
  "i1yJ3hmT": "Magics",
  "s2rX7g0o": "LimitBreaks",
  "9JBtk2LE": "Espers",
  "qr5PoZ1W": "ElementalAttacks",
  "73CfbLEx": "KnockOuts",
  "Z1p0j9uF": "DeadCount",
  "69ieJGhD": "BattleClear",
  "6q35TL07": "Count",
  "xqartN26": "MonsterPartId",
  "6Yc4RkdM": "MonstPartsNum",
  "V9j8wJcC": "MonsterId",
  "VgrT60cL": "MonsterName",
  "9BetM2Ds": "MonsterDrops",
  "MZn8LC6H": "MonsterSpecialDrops",
  "Vf5DGw07": "MonsterUnitDrops",
  "3frn4ILX": "MonsterSteal",
  "ATM35pjf": "MonsterStealGil",
  "15Y3fBmF": "TranslationJson",
  "KosY4a18": "RecipeType",
  "MpNE6gB5": "RecipeId",
  "staFu8U1": "RecipeBookId",
  "H5jBL0Vf": "MateriaId",
  "gak9Gb3N": "ItemType",
  "9YPZuB2i": "QuestSubquest",
  "xfirgH86": "RaidName",
  "7DTnc2Lt": "RaidImage",
  "j93tApg0": "RaidStart",
  "d7SKE3yo": "RaidEnd",
  "R01Wz7fe": "RaidLevel",
  "TI6deE8P": "ArenaOpponents",
  "CLg9j1sh": "ArenaRankingOpponents",
  "k9pWH78Z": "ArenaReward",
  "u3bysZ8S": "DateStart",
  "2twsMyD6": "DateEnd",
  "kaR12y9r": "Expires",
  "ja07xgLF": "ScenarioId",
  "cb3WmiD0": "Lapis",
  "tL6G9egd": "ItemId",
  "Qy5EvcK1": "ItemCount",
  "2fY1IomW": "MissionWaveId",
  "0b6e9cwr": "FriendIdUniqueUnitIdList",
  "0j67QHm1": "FriendIdOnCooldown",
  "fP8Nv0KZ": "RbEnemyId",
  "Jc4udh7x": "RbEnemyUnitList",
  "td06MKEX": "NoticeId",
  "5GNraZM0": "NoticeType",
  "oIra47LK": "NoticeRead",
  "42B7MGIU": "EventSubId",
  "pvS5A4kE": "EventId",
  "89EvGKHx": "EventType",
  "6uIYE15X": "ObjectId",
  "86JmXL41": "EventBonusUnitId",
  "1G6xjYvf": "EventBonutType",
  "EzXXHtTY": "BundleId",
  "3GtkuMJ1": "BundleTitle",
  "70oO1OaR": "BundleDesc",
  "cSUSxGZA": "BundleImage1",
  "MfynwFte": "BundleImage2",
  "hJs2B3X5": "BundleImage1Copy",
  "pRYHbNN5": "BundleCostType",
  "AOHRcCC2": "BundleCost",
  "4FF0gz8P": "BundleItemId",
  "YWF08vZS": "BundleItemType",
  "ynP26rjD": "MailId",
  "fbcj5Aq9": "MailTitle",
  "9m5yIkCK": "MailType",
  "7iJpH5zZ": "MailItems",
  "14Y7jihw": "MailStatus",
  "f5LHNT4v": "MailRecievedData",

  "Simv74We": "BeastMix",
  "Euv8cncS": "Facebook",
  "H6o3079i": "HomeMarqueeQuality",
  "yJjS7dKX": "HomeMarqueeLocale",
  "2aciVI9Y": "ItemBuy",
  "2tHu3Chy": "ItemSell",
  "rStH7od8": "MailReceipt",
  "jQsE54Iz": "Mission",
  "2urzfX6d": "MissionEndChallenge",
  "L4i4418y": "MissionEndContinue",
  "gM1w8m4y": "NoticeUpdate",
  "9Zok3IK2": "RmDungeon",
  "3uy7DzGB": "RoutineRaidMenuUpdate",
  "JcxS6A8N": "TownInfo",
  "67l03PW2": "Expedition",
  "Ko86047K": "ExpeditionId",
  "k60s8T42": "ExpeditionRewardId",
  "p1H8307H": "ExpeditionRelic",
  "23tA3948": "ExpeditionRewardItem",
  "O7s2496M": "ExpeditionRewardClaimed",
  "7mA422N6": "ExpeditionUnits",
  "sO308L0M": "ExpeditionBonus",
  "CN92arJK": "PartySelect",
  "Kgvo5JL2": "CurrentParty",
  "MBIYc89Q": "CompanionParty",
  "Isc1ga3G": "ColosseumParty",
  "igrz05CY": "ArenaParty",
  "XZ4Kh7Ic": "EsperParty",

  "52KBR9qV": "EquipmentRarity",
  "znGsI4f8": "EquipmentSlotId",
  "8DZGF4Nn": "EquipmentTypeId",
  "t5Q4wZ7v": "EquipmentRequirement",
  "SxREt1M0": "EquipmentStatusInflict",
  "Jn6BbR2P": "EquipmentElementInflict",
  "t42Xb3jV": "EquipmentPassiveAbility",
  "GiBvPK84": "EquipmentActiveAbility",

  "9J6uRe8f": "ItemStack",
  "0HUPxDf1": "ItemIdClone",
  "E61qF5Lp": "ItemBuyPrice",
  "bz6RS3pI": "ItemSellPrice",
  "SJ56uhz2": "SublimationId",
  "HS7V6Ww1": "SublimationItems",
  "25oxcKwN": "SublimationUnitId",
  "KCk8u0am": "ClassUpItems",
  "A90DrNfp": "LBExperience"
}