<?xml version="1.0"?>
<doc>
    <assembly>
        <name>MahApps.Metro.IconPacks.Modern</name>
    </assembly>
    <members>
        <member name="T:MahApps.Metro.IconPacks.PackIconModern">
            <summary>
            Icons from the Modern UI Icons project, <see><cref>http://modernuiicons.com</cref></see>.
            </summary>
        </member>
        <member name="T:MahApps.Metro.IconPacks.PackIconModernDataFactory">
            ******************************************
            This code is auto generated. Do not amend.
            ******************************************
        </member>
        <member name="T:MahApps.Metro.IconPacks.PackIconModernKind">
            ******************************************
            This code is auto generated. Do not amend.
            ******************************************
            <summary>
            List of available icons for use with <see cref="T:MahApps.Metro.IconPacks.PackIconModern" />.
            </summary>
            <remarks>
            All icons sourced from Modern UI Icons Font - <see><cref>http://modernuiicons.com</cref></see> - in accordance of
            <see><cref>https://github.com/Templarian/WindowsIcons/blob/master/WindowsPhone/license.txt</cref></see>.
            </remarks>
        </member>
        <member name="M:MahApps.Metro.IconPacks.Modern.MahApps_Metro_IconPacks_UWP_Modern_XamlTypeInfo.XamlMetaDataProvider.GetXamlType(System.Type)">
            <summary>
            GetXamlType(Type)
            </summary>
        </member>
        <member name="M:MahApps.Metro.IconPacks.Modern.MahApps_Metro_IconPacks_UWP_Modern_XamlTypeInfo.XamlMetaDataProvider.GetXamlType(System.String)">
            <summary>
            GetXamlType(String)
            </summary>
        </member>
        <member name="M:MahApps.Metro.IconPacks.Modern.MahApps_Metro_IconPacks_UWP_Modern_XamlTypeInfo.XamlMetaDataProvider.GetXmlnsDefinitions">
            <summary>
            GetXmlnsDefinitions()
            </summary>
        </member>
    </members>
</doc>
